Date,Source Files,Statements,Lines,Comment Lines,Documentation Lines,Data Files,Data Bytes,User,Routines,Classes
05-Dec-2021 21:52,2,146,362,65,9,3,7237,rongcuid,13,1
05-Dec-2021 21:55,2,146,362,65,9,5,50322,rongcuid,13,1
06-Dec-2021 09:56,2,146,362,65,9,6,57771,rongcuid,13,1
06-Dec-2021 10:31,2,146,420,74,9,7,53561,rongcuid,13,1
06-Dec-2021 11:09,3,185,487,74,9,8,57049,rongcuid,22,2
06-Dec-2021 11:31,3,199,508,75,9,9,62865,rongcuid,22,2
06-Dec-2021 12:16,3,200,513,75,9,9,62865,rongcuid,23,2
06-Dec-2021 14:07,4,202,518,75,9,9,62865,rongcuid,24,2
06-Dec-2021 19:24,3,200,513,75,9,9,62865,rongcuid,23,2
07-Dec-2021 11:23,4,201,519,76,9,10,62963,rongcuid,23,2
07-Dec-2021 11:25,4,201,519,76,9,11,68511,rongcuid,23,2
07-Dec-2021 14:23,4,201,519,76,9,11,63627,rongcuid,23,2
06-Dec-2021 11:09,3,188,487,74,9,8,57049,rongcuid,22,2
06-Dec-2021 11:09,3,186,487,74,9,8,57049,rongcuid,22,2
05-Dec-2021 21:52,2,146,362,65,9,5,50537,rongcuid,13,1
